{"lib/res/font/inter/Inter-Bold.otf":["lib/res/font/inter/Inter-Bold.otf"],"lib/res/font/inter/Inter-Italic.otf":["lib/res/font/inter/Inter-Italic.otf"],"lib/res/font/inter/Inter-Medium.otf":["lib/res/font/inter/Inter-Medium.otf"],"lib/res/font/inter/Inter-Regular.otf":["lib/res/font/inter/Inter-Regular.otf"],"lib/res/font/inter/Inter-SemiBold.otf":["lib/res/font/inter/Inter-SemiBold.otf"],"lib/res/font/jaldi/Jaldi-Bold.ttf":["lib/res/font/jaldi/Jaldi-Bold.ttf"],"lib/res/font/jaldi/Jaldi-Regular.ttf":["lib/res/font/jaldi/Jaldi-Regular.ttf"],"lib/res/font/jaro/jaro-Regular.ttf":["lib/res/font/jaro/jaro-Regular.ttf"],"lib/res/images/png/ic_connect.png":["lib/res/images/png/ic_connect.png"],"lib/res/images/png/ic_create_user.png":["lib/res/images/png/ic_create_user.png"],"lib/res/images/png/ic_daboard.png":["lib/res/images/png/ic_daboard.png"],"lib/res/images/png/ic_device.png":["lib/res/images/png/ic_device.png"],"lib/res/images/png/ic_help.png":["lib/res/images/png/ic_help.png"],"lib/res/images/png/ic_setting.png":["lib/res/images/png/ic_setting.png"],"lib/res/images/png/ic_setting_device.png":["lib/res/images/png/ic_setting_device.png"],"lib/res/images/png/ic_user.png":["lib/res/images/png/ic_user.png"],"packages/cupertino_icons/assets/CupertinoIcons.ttf":["packages/cupertino_icons/assets/CupertinoIcons.ttf"]}