[{"family":"MaterialIcons","fonts":[{"asset":"fonts/MaterialIcons-Regular.otf"}]},{"family":"Inter","fonts":[{"weight":700,"asset":"lib/res/font/inter/Inter-Bold.otf"},{"weight":500,"asset":"lib/res/font/inter/Inter-Medium.otf"},{"weight":400,"asset":"lib/res/font/inter/Inter-Regular.otf"},{"weight":600,"asset":"lib/res/font/inter/Inter-SemiBold.otf"},{"weight":500,"style":"italic","asset":"lib/res/font/inter/Inter-Italic.otf"}]},{"family":"Jaldi","fonts":[{"weight":700,"asset":"lib/res/font/jaldi/Jaldi-Bold.ttf"},{"weight":400,"asset":"lib/res/font/jaldi/Jaldi-Regular.ttf"}]},{"family":"Jaro","fonts":[{"asset":"lib/res/font/jaro/jaro-Regular.ttf"}]},{"family":"packages/cupertino_icons/CupertinoIcons","fonts":[{"asset":"packages/cupertino_icons/assets/CupertinoIcons.ttf"}]}]